{"cameraMode":{"drawMode":0,"name":"Shaded","section":"Shading Mode"},"sceneLighting":false,"audioPlay":false,"sceneViewState":{"m_AlwaysRefresh":false,"showFog":true,"showSkybox":false,"showFlares":true,"showImageEffects":true,"showParticleSystems":true,"showVisualEffectGraphs":true,"m_FxEnabled":true},"in2DMode":false,"pivot":{"x":-0.00351221626624465,"y":-0.08231984078884125,"z":1.484271764755249},"rotation":{"x":-0.12446516752243042,"y":-0.021735476329922677,"z":0.0027071197982877495,"w":-0.9920633435249329},"size":0.25431016087532046,"orthographic":false}