{"cameraMode":{"drawMode":0,"name":"Shaded","section":"Shading Mode"},"sceneLighting":true,"audioPlay":false,"sceneViewState":{"m_AlwaysRefresh":false,"showFog":true,"showSkybox":true,"showFlares":true,"showImageEffects":true,"showParticleSystems":true,"showVisualEffectGraphs":true,"m_FxEnabled":true},"in2DMode":false,"pivot":{"x":-0.17924702167510987,"y":4.2536187171936039,"z":7.978232383728027},"rotation":{"x":-0.08338018506765366,"y":0.6896089911460877,"z":-0.08042001724243164,"w":-0.7148983478546143},"size":0.3667635917663574,"orthographic":true}