{"cameraMode":{"drawMode":0,"name":"Shaded","section":"Shading Mode"},"sceneLighting":true,"audioPlay":false,"sceneViewState":{"m_AlwaysRefresh":false,"showFog":true,"showSkybox":true,"showFlares":true,"showImageEffects":true,"showParticleSystems":true,"showVisualEffectGraphs":true,"m_FxEnabled":true},"in2DMode":false,"pivot":{"x":1.082332730293274,"y":4.1191511154174809,"z":10.88645076751709},"rotation":{"x":-0.06894685328006745,"y":-0.09503737092018128,"z":0.006551738362759352,"w":-0.9931221604347229},"size":2.690922260284424,"orthographic":false}