{"cameraMode":{"drawMode":0,"name":"Shaded","section":"Shading Mode"},"sceneLighting":true,"audioPlay":false,"sceneViewState":{"m_AlwaysRefresh":false,"showFog":true,"showSkybox":true,"showFlares":true,"showImageEffects":true,"showParticleSystems":true,"showVisualEffectGraphs":true,"m_FxEnabled":true},"in2DMode":false,"pivot":{"x":0.14324380457401277,"y":4.212364196777344,"z":8.334336280822754},"rotation":{"x":-0.08829692006111145,"y":0.39414045214653017,"z":-0.0381016731262207,"w":-0.9140904545783997},"size":0.3188239336013794,"orthographic":false}