{"cameraMode":{"drawMode":0,"name":"Shaded","section":"Shading Mode"},"sceneLighting":true,"audioPlay":false,"sceneViewState":{"m_AlwaysRefresh":false,"showFog":true,"showSkybox":true,"showFlares":true,"showImageEffects":true,"showParticleSystems":true,"showVisualEffectGraphs":true,"m_FxEnabled":true},"in2DMode":false,"pivot":{"x":0.2751000225543976,"y":3.761127233505249,"z":9.057318687438965},"rotation":{"x":-0.1590903103351593,"y":-0.17318308353424073,"z":0.028358738869428636,"w":-0.9715427756309509},"size":0.8270542621612549,"orthographic":false}