{"cameraMode":{"drawMode":0,"name":"Shaded","section":"Shading Mode"},"sceneLighting":true,"audioPlay":false,"sceneViewState":{"m_AlwaysRefresh":false,"showFog":true,"showSkybox":true,"showFlares":true,"showImageEffects":true,"showParticleSystems":true,"showVisualEffectGraphs":true,"m_FxEnabled":true},"in2DMode":false,"pivot":{"x":-0.008793473243713379,"y":4.214202404022217,"z":19.97199821472168},"rotation":{"x":-0.03443823754787445,"y":0.33742010593414309,"z":-0.012364058755338192,"w":-0.9406643509864807},"size":0.2425997108221054,"orthographic":true}