{"cameraMode":{"drawMode":0,"name":"Shaded","section":"Shading Mode"},"sceneLighting":true,"audioPlay":false,"sceneViewState":{"m_AlwaysRefresh":false,"showFog":true,"showSkybox":true,"showFlares":true,"showImageEffects":true,"showParticleSystems":true,"showVisualEffectGraphs":true,"m_FxEnabled":true},"in2DMode":false,"pivot":{"x":0.17948396503925324,"y":4.275674819946289,"z":7.901358127593994},"rotation":{"x":-0.01859249360859394,"y":0.021902916952967645,"z":-0.0004188323800917715,"w":-0.9996071457862854},"size":0.3144885301589966,"orthographic":true}