{"cameraMode":{"drawMode":0,"name":"Shaded","section":"Shading Mode"},"sceneLighting":true,"audioPlay":false,"sceneViewState":{"m_AlwaysRefresh":false,"showFog":true,"showSkybox":true,"showFlares":true,"showImageEffects":true,"showParticleSystems":true,"showVisualEffectGraphs":true,"m_FxEnabled":true},"in2DMode":false,"pivot":{"x":0.0021467451006174089,"y":4.084519386291504,"z":8.707232475280762},"rotation":{"x":-0.10666925460100174,"y":0.5173947811126709,"z":-0.06476730853319168,"w":-0.8467767238616943},"size":0.08240839093923569,"orthographic":true}