{"cameraMode":{"drawMode":0,"name":"Shaded","section":"Shading Mode"},"sceneLighting":true,"audioPlay":false,"sceneViewState":{"m_AlwaysRefresh":false,"showFog":true,"showSkybox":true,"showFlares":true,"showImageEffects":true,"showParticleSystems":true,"showVisualEffectGraphs":true,"m_FxEnabled":true},"in2DMode":false,"pivot":{"x":0.0069999974220991138,"y":4.081200122833252,"z":11.406278610229493},"rotation":{"x":-0.07711416482925415,"y":0.8852405548095703,"z":-0.15864641964435578,"w":-0.4305776357650757},"size":0.027575230225920678,"orthographic":true}