{"cameraMode":{"drawMode":0,"name":"Shaded","section":"Shading Mode"},"sceneLighting":true,"audioPlay":false,"sceneViewState":{"m_AlwaysRefresh":false,"showFog":true,"showSkybox":true,"showFlares":true,"showImageEffects":true,"showParticleSystems":true,"showVisualEffectGraphs":true,"m_FxEnabled":true},"in2DMode":false,"pivot":{"x":-0.004999999888241291,"y":4.061200141906738,"z":20.360000610351564},"rotation":{"x":-0.09313887357711792,"y":0.02896585874259472,"z":-0.002745688194409013,"w":-0.9952940344810486},"size":0.7203509211540222,"orthographic":false}