{"cameraMode":{"drawMode":0,"name":"Shaded","section":"Shading Mode"},"sceneLighting":true,"audioPlay":false,"sceneViewState":{"m_AlwaysRefresh":false,"showFog":true,"showSkybox":true,"showFlares":true,"showImageEffects":true,"showParticleSystems":true,"showVisualEffectGraphs":true,"m_FxEnabled":true},"in2DMode":false,"pivot":{"x":0.1703750491142273,"y":3.8905956745147707,"z":23.100360870361329},"rotation":{"x":-0.1140434518456459,"y":-0.02027285099029541,"z":0.0022893829736858608,"w":-0.9933255314826965},"size":1.206861972808838,"orthographic":false}