{"cameraMode":{"drawMode":0,"name":"Shaded","section":"Shading Mode"},"sceneLighting":true,"audioPlay":false,"sceneViewState":{"m_AlwaysRefresh":false,"showFog":true,"showSkybox":true,"showFlares":true,"showImageEffects":true,"showParticleSystems":true,"showVisualEffectGraphs":true,"m_FxEnabled":true},"in2DMode":false,"pivot":{"x":0.27508544921875,"y":3.761138916015625,"z":9.05731201171875},"rotation":{"x":0.022799571976065637,"y":-0.0017745618242770434,"z":-0.00014943316637072712,"w":-0.9998310208320618},"size":606.2177734375,"orthographic":true}