{"cameraMode":{"drawMode":0,"name":"Shaded","section":"Shading Mode"},"sceneLighting":true,"audioPlay":false,"sceneViewState":{"m_AlwaysRefresh":false,"showFog":true,"showSkybox":true,"showFlares":true,"showImageEffects":true,"showParticleSystems":true,"showVisualEffectGraphs":true,"m_FxEnabled":true},"in2DMode":false,"pivot":{"x":0.00036634737625718117,"y":4.180068016052246,"z":31.775421142578126},"rotation":{"x":0.01792079210281372,"y":-0.4505535662174225,"z":0.0091042285785079,"w":0.8926587104797363},"size":0.2718171179294586,"orthographic":true}