{"cameraMode":{"drawMode":0,"name":"Shaded","section":"Shading Mode"},"sceneLighting":true,"audioPlay":false,"sceneViewState":{"m_AlwaysRefresh":false,"showFog":true,"showSkybox":true,"showFlares":true,"showImageEffects":true,"showParticleSystems":true,"showVisualEffectGraphs":true,"m_FxEnabled":true},"in2DMode":false,"pivot":{"x":-0.36681994795799258,"y":4.256313800811768,"z":11.918713569641114},"rotation":{"x":0.06893761456012726,"y":0.020944999530911447,"z":-0.0013083405792713166,"w":0.997467041015625},"size":0.7778083682060242,"orthographic":true}