{"cameraMode":{"drawMode":0,"name":"Shaded","section":"Shading Mode"},"sceneLighting":true,"audioPlay":false,"sceneViewState":{"m_AlwaysRefresh":false,"showFog":true,"showSkybox":true,"showFlares":true,"showImageEffects":true,"showParticleSystems":true,"showVisualEffectGraphs":true,"m_FxEnabled":true},"in2DMode":false,"pivot":{"x":0.005668126046657562,"y":4.146271228790283,"z":8.469878196716309},"rotation":{"x":0.07389582693576813,"y":-0.7150714993476868,"z":0.07642024755477905,"w":0.6910111904144287},"size":0.1643960177898407,"orthographic":true}