{"cameraMode":{"drawMode":0,"name":"Shaded","section":"Shading Mode"},"sceneLighting":true,"audioPlay":false,"sceneViewState":{"m_AlwaysRefresh":false,"showFog":true,"showSkybox":true,"showFlares":true,"showImageEffects":true,"showParticleSystems":true,"showVisualEffectGraphs":true,"m_FxEnabled":true},"in2DMode":false,"pivot":{"x":168.54917907714845,"y":247.18429565429688,"z":-23.764514923095704},"rotation":{"x":-0.2551242411136627,"y":0.01305249985307455,"z":0.0034443766344338657,"w":0.9668148756027222},"size":241.74557495117188,"orthographic":true}