{"cameraMode":{"drawMode":0,"name":"Shaded","section":"Shading Mode"},"sceneLighting":true,"audioPlay":false,"sceneViewState":{"m_AlwaysRefresh":false,"showFog":true,"showSkybox":true,"showFlares":true,"showImageEffects":true,"showParticleSystems":true,"showVisualEffectGraphs":true,"m_FxEnabled":true},"in2DMode":false,"pivot":{"x":2.1294188499450685,"y":4.951629161834717,"z":31.545284271240236},"rotation":{"x":0.08469617366790772,"y":-0.26112690567970278,"z":0.023144248872995378,"w":0.9614548683166504},"size":0.4062385559082031,"orthographic":true}