{"cameraMode":{"drawMode":0,"name":"Shaded","section":"Shading Mode"},"sceneLighting":false,"audioPlay":false,"sceneViewState":{"m_AlwaysRefresh":false,"showFog":true,"showSkybox":false,"showFlares":true,"showImageEffects":true,"showParticleSystems":true,"showVisualEffectGraphs":true,"m_FxEnabled":true},"in2DMode":false,"pivot":{"x":-0.0010000001639127732,"y":4.080999851226807,"z":8.692999839782715},"rotation":{"x":-0.07097597420215607,"y":0.33077406883239748,"z":-0.02497713454067707,"w":-0.9407784938812256},"size":0.038007769733667377,"orthographic":false}