{"cameraMode":{"drawMode":0,"name":"Shaded","section":"Shading Mode"},"sceneLighting":false,"audioPlay":false,"sceneViewState":{"m_AlwaysRefresh":false,"showFog":true,"showSkybox":false,"showFlares":true,"showImageEffects":true,"showParticleSystems":true,"showVisualEffectGraphs":true,"m_FxEnabled":true},"in2DMode":false,"pivot":{"x":0.08784568309783936,"y":-0.04902338236570358,"z":-1.6680840253829957},"rotation":{"x":0.01344316080212593,"y":0.09136421233415604,"z":-0.0012334769126027823,"w":0.9957276582717896},"size":0.17328476905822755,"orthographic":false}